,symbol,date,open,high,low,close,adjClose,volume,unadjustedVolume,change,changePercent,vwap,label,changeOverTime
0,ONTO,2021-04-15,70.760002,71.300003,69.425003,71.059998,71.059998,157100.0,157100.0,0.3,0.424,70.595,"April 15, 21",0.00424
1,ONTO,2021-04-14,70.0,71.139999,69.629997,69.830002,69.830002,225100.0,225100.0,-0.17,-0.243,70.2,"April 14, 21",-0.00243
2,ONTO,2021-04-13,71.5,71.625,69.150002,69.989998,69.989998,404500.0,404500.0,-1.51,-2.112,70.255,"April 13, 21",-0.02112
3,ONTO,2021-04-12,70.169998,71.470001,69.224998,71.389999,71.389999,263300.0,263300.0,1.22,1.739,70.695,"April 12, 21",0.01739
4,ONTO,2021-04-09,71.120003,71.209999,69.910004,70.690002,70.690002,332900.0,332900.0,-0.43,-0.605,70.60334,"April 09, 21",-0.00605
5,ONTO,2021-04-08,72.110001,72.279999,70.940002,71.510002,71.510002,276100.0,276100.0,-0.6,-0.832,71.57667,"April 08, 21",-0.00832
6,ONTO,2021-04-07,71.370003,72.333,70.040001,71.040001,71.040001,159500.0,159500.0,-0.33,-0.462,71.13767,"April 07, 21",-0.00462
7,ONTO,2021-04-06,71.209999,72.550003,70.699997,71.550003,71.550003,187400.0,187400.0,0.34,0.477,71.6,"April 06, 21",0.00477
8,ONTO,2021-04-05,70.0,72.081001,70.0,71.620003,71.620003,435600.0,435600.0,1.62,2.314,71.23367,"April 05, 21",0.02314
9,ONTO,2021-04-01,67.470001,69.989998,67.0,69.919998,69.919998,360900.0,360900.0,2.45,3.631,68.97,"April 01, 21",0.03631
10,ONTO,2021-03-31,62.889999,66.470001,62.889999,65.709999,65.709999,462600.0,462600.0,2.82,4.484,65.02333,"March 31, 21",0.04484
11,ONTO,2021-03-30,60.369999,62.43,60.189999,62.27,62.27,302500.0,302500.0,1.9,3.147,61.63,"March 30, 21",0.03147
12,ONTO,2021-03-29,62.110001,63.07,59.970001,60.689999,60.689999,288800.0,288800.0,-1.42,-2.286,61.24333,"March 29, 21",-0.02286
13,ONTO,2021-03-26,59.220001,63.200001,58.529999,63.040001,63.040001,244100.0,244100.0,3.82,6.451,61.59,"March 26, 21",0.06451
14,ONTO,2021-03-25,59.849998,60.740002,58.130001,59.139999,59.139999,516300.0,516300.0,-0.71,-1.186,59.33667,"March 25, 21",-0.01186
15,ONTO,2021-03-24,60.18,62.27,60.18,61.369999,61.369999,583300.0,583300.0,1.19,1.977,61.27333,"March 24, 21",0.01977
16,ONTO,2021-03-23,60.939999,61.639999,58.080002,58.799999,58.799999,490200.0,490200.0,-2.14,-3.512,59.50667,"March 23, 21",-0.03512
17,ONTO,2021-03-22,60.650002,62.759998,60.41,61.689999,61.689999,502000.0,502000.0,1.04,1.715,61.62,"March 22, 21",0.01715
18,ONTO,2021-03-19,60.66,61.630001,59.830002,60.220001,60.220001,852400.0,852400.0,-0.44,-0.725,60.56,"March 19, 21",-0.00725
19,ONTO,2021-03-18,65.389999,65.769997,60.220001,60.330002,60.330002,571400.0,571400.0,-5.06,-7.738,62.10667,"March 18, 21",-0.07738
20,ONTO,2021-03-17,65.510002,67.57,63.740002,66.480003,66.480003,521700.0,521700.0,0.97,1.481,65.93,"March 17, 21",0.01481
21,ONTO,2021-03-16,65.589996,67.769997,64.449997,66.120003,66.120003,427600.0,427600.0,0.53001,0.808,66.11333,"March 16, 21",0.00808
22,ONTO,2021-03-15,63.470001,65.809998,63.470001,64.940002,64.940002,403000.0,403000.0,1.47,2.316,64.74,"March 15, 21",0.02316
23,ONTO,2021-03-12,63.299999,65.349998,61.740002,63.970001,63.970001,401300.0,401300.0,0.67,1.058,63.68667,"March 12, 21",0.01058
24,ONTO,2021-03-11,61.330002,64.439003,61.119999,64.110001,64.110001,363000.0,363000.0,2.78,4.533,63.223,"March 11, 21",0.04533
25,ONTO,2021-03-10,61.0,62.09,59.900002,60.5,60.5,292100.0,292100.0,-0.5,-0.82,60.83,"March 10, 21",-0.0082
26,ONTO,2021-03-09,57.43,61.66,57.349998,60.509998,60.509998,344000.0,344000.0,3.08,5.363,59.84,"March 09, 21",0.05363
27,ONTO,2021-03-08,56.16,57.0,54.735001,55.700001,55.700001,743800.0,743800.0,-0.46,-0.819,55.81167,"March 08, 21",-0.00819
28,ONTO,2021-03-05,59.490002,59.490002,52.165001,56.0,56.0,807100.0,807100.0,-3.49,-5.867,55.885,"March 05, 21",-0.05867
29,ONTO,2021-03-04,62.939999,63.5,57.43,57.990002,57.990002,550900.0,550900.0,-4.95,-7.865,59.64,"March 04, 21",-0.07865
30,ONTO,2021-03-03,64.459999,65.190002,62.419998,63.57,63.57,281800.0,281800.0,-0.89,-1.381,63.72667,"March 03, 21",-0.01381
31,ONTO,2021-03-02,65.75,65.970001,63.91,64.040001,64.040001,399100.0,399100.0,-1.71,-2.601,64.64,"March 02, 21",-0.02601
32,ONTO,2021-03-01,63.639999,66.169998,62.939999,66.089996,66.089996,316100.0,316100.0,2.45,3.85,65.06666,"March 01, 21",0.0385
33,ONTO,2021-02-26,62.16,63.474998,59.75,62.459999,62.459999,450400.0,450400.0,0.3,0.483,61.895,"February 26, 21",0.00483
34,ONTO,2021-02-25,65.199997,65.779999,61.330002,61.619999,61.619999,283100.0,283100.0,-3.58,-5.491,62.91,"February 25, 21",-0.05491
35,ONTO,2021-02-24,62.18,65.849998,61.779999,65.650002,65.650002,352600.0,352600.0,3.47,5.581,64.42667,"February 24, 21",0.05581
36,ONTO,2021-02-23,63.27,63.529999,60.683998,62.259998,62.259998,458500.0,458500.0,-1.01,-1.596,62.158,"February 23, 21",-0.01596
37,ONTO,2021-02-22,65.43,66.949997,63.880001,64.32,64.32,327500.0,327500.0,-1.11,-1.696,65.05,"February 22, 21",-0.01696
38,ONTO,2021-02-19,63.43,66.349998,62.560001,66.269997,66.269997,483100.0,483100.0,2.84,4.477,65.06,"February 19, 21",0.04477
39,ONTO,2021-02-18,63.639999,64.160004,62.259998,62.84,62.84,369800.0,369800.0,-0.8,-1.257,63.08667,"February 18, 21",-0.01257
40,ONTO,2021-02-17,64.470001,65.845001,63.119999,64.75,64.75,385100.0,385100.0,0.28,0.434,64.57167,"February 17, 21",0.00434
41,ONTO,2021-02-16,63.639999,64.800003,62.029999,64.610001,64.610001,655800.0,655800.0,0.97,1.524,63.81333,"February 16, 21",0.01524
42,ONTO,2021-02-12,60.98,63.549999,60.41,62.41,62.41,321900.0,321900.0,1.43,2.345,62.12333,"February 12, 21",0.02345
43,ONTO,2021-02-11,59.389999,61.691002,59.23,61.330002,61.330002,482500.0,482500.0,1.94,3.267,60.75033,"February 11, 21",0.03267
44,ONTO,2021-02-10,59.639999,60.799999,58.369999,58.709999,58.709999,256300.0,256300.0,-0.93,-1.559,59.29333,"February 10, 21",-0.01559
45,ONTO,2021-02-09,60.240002,61.130001,58.849998,59.119999,59.119999,236900.0,236900.0,-1.12,-1.859,59.7,"February 09, 21",-0.01859
46,ONTO,2021-02-08,60.150002,61.005001,57.794998,60.400002,60.400002,495900.0,495900.0,0.25,0.416,59.73333,"February 08, 21",0.00416
47,ONTO,2021-02-05,63.279999,64.0,59.07,59.950001,59.950001,671000.0,671000.0,-3.33,-5.262,61.00667,"February 05, 21",-0.05262
48,ONTO,2021-02-04,58.580002,60.439999,58.459999,60.119999,60.119999,408900.0,408900.0,1.54,2.629,59.67333,"February 04, 21",0.02629
49,ONTO,2021-02-03,59.950001,60.59,57.91,58.459999,58.459999,262600.0,262600.0,-1.49,-2.485,58.98667,"February 03, 21",-0.02485
50,ONTO,2021-02-02,57.990002,59.779999,56.720001,59.77,59.77,644500.0,644500.0,1.78,3.069,58.75667,"February 02, 21",0.03069
51,ONTO,2021-02-01,54.970001,57.150002,54.75,57.119999,57.119999,718200.0,718200.0,2.15,3.911,56.34,"February 01, 21",0.03911
52,ONTO,2021-01-29,56.380001,56.380001,54.049999,54.049999,54.049999,333400.0,333400.0,-2.33,-4.133,54.82667,"January 29, 21",-0.04133
53,ONTO,2021-01-28,55.939999,57.029999,54.93,56.360001,56.360001,437200.0,437200.0,0.42,0.751,56.10667,"January 28, 21",0.00751
54,ONTO,2021-01-27,55.189999,56.439999,54.080002,54.830002,54.830002,258000.0,258000.0,-0.36,-0.652,55.11667,"January 27, 21",-0.00652
55,ONTO,2021-01-26,58.259998,58.259998,55.900002,56.849998,56.849998,246000.0,246000.0,-1.41,-2.42,57.00333,"January 26, 21",-0.0242
56,ONTO,2021-01-25,58.119999,59.869999,57.09,57.93,57.93,234400.0,234400.0,-0.19,-0.327,58.29667,"January 25, 21",-0.00327
57,ONTO,2021-01-22,56.57,57.849998,56.57,57.790001,57.790001,232500.0,232500.0,1.22,2.157,57.40333,"January 22, 21",0.02157
58,ONTO,2021-01-21,57.880001,57.990002,56.400002,57.110001,57.110001,330900.0,330900.0,-0.77,-1.33,57.16667,"January 21, 21",-0.0133
59,ONTO,2021-01-20,58.73,58.900002,56.810001,57.73,57.73,186300.0,186300.0,-1.0,-1.703,57.81333,"January 20, 21",-0.01703
60,ONTO,2021-01-19,56.779999,58.939999,56.259998,58.209999,58.209999,412200.0,412200.0,1.43,2.518,57.80333,"January 19, 21",0.02518
61,ONTO,2021-01-15,56.07,57.060001,55.375,55.650002,55.650002,242900.0,242900.0,-0.42,-0.749,56.02833,"January 15, 21",-0.00749
62,ONTO,2021-01-14,54.849998,57.639999,54.709999,57.049999,57.049999,567000.0,567000.0,2.2,4.011,56.46667,"January 14, 21",0.04011
63,ONTO,2021-01-13,54.27,54.700001,53.380001,54.080002,54.080002,202100.0,202100.0,-0.19,-0.35,54.05333,"January 13, 21",-0.0035
64,ONTO,2021-01-12,53.290001,54.470001,53.049999,54.18,54.18,158400.0,158400.0,0.89,1.67,53.9,"January 12, 21",0.0167
65,ONTO,2021-01-11,50.639999,53.168999,50.52,53.07,53.07,193300.0,193300.0,2.43,4.799,52.253,"January 11, 21",0.04799
66,ONTO,2021-01-08,54.0,54.0,51.040001,51.869999,51.869999,361600.0,361600.0,-2.13,-3.944,52.30333,"January 08, 21",-0.03944
67,ONTO,2021-01-07,51.25,53.139999,51.25,52.98,52.98,308800.0,308800.0,1.73,3.376,52.45667,"January 07, 21",0.03376
68,ONTO,2021-01-06,49.110001,51.959999,48.900002,51.07,51.07,432800.0,432800.0,1.96,3.991,50.64333,"January 06, 21",0.03991
69,ONTO,2021-01-05,47.450001,49.48,47.450001,48.75,48.75,216300.0,216300.0,1.3,2.74,48.56,"January 05, 21",0.0274
70,ONTO,2021-01-04,48.259998,49.18,47.34,47.77,47.77,273300.0,273300.0,-0.49,-1.015,48.09667,"January 04, 21",-0.01015
71,ONTO,2020-12-31,48.0,48.27,47.200001,47.549999,47.549999,227000.0,227000.0,-0.45,-0.938,47.67333,"December 31, 20",-0.00938
72,ONTO,2020-12-30,47.060001,48.830002,47.060001,48.18,48.18,200600.0,200600.0,1.12,2.38,48.02333,"December 30, 20",0.0238
73,ONTO,2020-12-29,48.400002,48.400002,46.457001,46.73,46.73,152800.0,152800.0,-1.67,-3.45,47.19567,"December 29, 20",-0.0345
74,ONTO,2020-12-28,48.5,49.110001,47.509998,48.150002,48.150002,276100.0,276100.0,-0.35,-0.722,48.25667,"December 28, 20",-0.00722
75,ONTO,2020-12-24,45.950001,48.380001,45.950001,48.02,48.02,172300.0,172300.0,2.07,4.505,47.45,"December 24, 20",0.04505
76,ONTO,2020-12-23,46.900002,46.91,46.150002,46.830002,46.830002,237000.0,237000.0,-0.07,-0.149,46.63,"December 23, 20",-0.00149
77,ONTO,2020-12-22,47.599998,48.150002,46.779999,46.869999,46.869999,122600.0,122600.0,-0.73,-1.534,47.26667,"December 22, 20",-0.01534
78,ONTO,2020-12-21,46.639999,47.5,46.509998,47.490002,47.490002,307400.0,307400.0,0.85,1.822,47.16667,"December 21, 20",0.01822
79,ONTO,2020-12-18,47.389999,48.490002,46.860001,47.34,47.34,1172600.0,1172600.0,-0.05,-0.106,47.56333,"December 18, 20",-0.00106
80,ONTO,2020-12-17,47.57,47.73,46.869999,47.259998,47.259998,164600.0,164600.0,-0.31,-0.652,47.28667,"December 17, 20",-0.00652
81,ONTO,2020-12-16,47.169998,47.580002,46.07,47.310001,47.310001,526600.0,526600.0,0.14,0.297,46.98667,"December 16, 20",0.00297
82,ONTO,2020-12-15,47.049999,47.900002,46.77,47.099998,47.099998,430900.0,430900.0,0.05,0.106,47.25667,"December 15, 20",0.00106
83,ONTO,2020-12-14,47.18,47.650002,46.060001,46.5,46.5,332600.0,332600.0,-0.68,-1.441,46.73667,"December 14, 20",-0.01441
84,ONTO,2020-12-11,46.27,47.84,46.099998,46.939999,46.939999,274600.0,274600.0,0.67,1.448,46.96,"December 11, 20",0.01448
85,ONTO,2020-12-10,45.27,46.865002,45.110001,46.639999,46.639999,355100.0,355100.0,1.37,3.026,46.205,"December 10, 20",0.03026
86,ONTO,2020-12-09,47.830002,47.915001,45.529999,45.709999,45.709999,266100.0,266100.0,-2.12,-4.432,46.385,"December 09, 20",-0.04432
87,ONTO,2020-12-08,47.16,48.009998,46.540001,47.529999,47.529999,209400.0,209400.0,0.37,0.785,47.36,"December 08, 20",0.00785
88,ONTO,2020-12-07,46.34,48.349998,46.34,47.650002,47.650002,336500.0,336500.0,1.31,2.827,47.44667,"December 07, 20",0.02827
89,ONTO,2020-12-04,45.099998,46.380001,45.060001,46.220001,46.220001,178600.0,178600.0,1.12,2.483,45.88667,"December 04, 20",0.02483
90,ONTO,2020-12-03,44.830002,45.860001,44.59,44.759998,44.759998,200600.0,200600.0,-0.07,-0.156,45.07,"December 03, 20",-0.00156
91,ONTO,2020-12-02,44.91,45.220001,44.48,44.549999,44.549999,252100.0,252100.0,-0.36,-0.802,44.75,"December 02, 20",-0.00802
92,ONTO,2020-12-01,45.0,45.27,44.41,45.029999,45.029999,202300.0,202300.0,0.03,0.067,44.90333,"December 01, 20",0.00067
93,ONTO,2020-11-30,44.66,44.849998,43.790001,44.209999,44.209999,251800.0,251800.0,-0.45,-1.008,44.28333,"November 30, 20",-0.01008
94,ONTO,2020-11-27,43.73,45.0,43.73,44.849998,44.849998,89000.0,89000.0,1.12,2.561,44.52667,"November 27, 20",0.02561
95,ONTO,2020-11-25,44.290001,44.584999,42.971001,43.689999,43.689999,172400.0,172400.0,-0.6,-1.355,43.74867,"November 25, 20",-0.01355
96,ONTO,2020-11-24,44.419998,45.099998,43.380001,44.580002,44.580002,466400.0,466400.0,0.16,0.36,44.35333,"November 24, 20",0.0036
97,ONTO,2020-11-23,42.279999,43.150002,40.470001,43.110001,43.110001,216800.0,216800.0,0.83,1.963,42.24333,"November 23, 20",0.01963
98,ONTO,2020-11-20,41.380001,42.220001,41.279999,41.720001,41.720001,260300.0,260300.0,0.34,0.822,41.74,"November 20, 20",0.00822
99,ONTO,2020-11-19,41.73,41.834999,41.0,41.540001,41.540001,235300.0,235300.0,-0.19,-0.455,41.45833,"November 19, 20",-0.00455
100,ONTO,2020-11-18,42.150002,42.610001,41.57,42.0,42.0,195300.0,195300.0,-0.15,-0.356,42.06,"November 18, 20",-0.00356
101,ONTO,2020-11-17,42.07,42.198002,41.419998,42.099998,42.099998,266900.0,266900.0,0.03,0.071,41.906,"November 17, 20",0.00071
102,ONTO,2020-11-16,41.07,43.299999,41.07,42.580002,42.580002,585800.0,585800.0,1.51,3.677,42.31667,"November 16, 20",0.03677
103,ONTO,2020-11-13,40.0,40.619999,39.970001,40.490002,40.490002,204400.0,204400.0,0.49,1.225,40.36,"November 13, 20",0.01225
104,ONTO,2020-11-12,39.77,40.23,39.150002,39.450001,39.450001,309400.0,309400.0,-0.32,-0.805,39.61,"November 12, 20",-0.00805
105,ONTO,2020-11-11,39.950001,40.549999,39.82,40.130001,40.130001,171100.0,171100.0,0.18,0.451,40.16667,"November 11, 20",0.00451
106,ONTO,2020-11-10,39.639999,40.419998,38.84,39.619999,39.619999,283600.0,283600.0,-0.02,-0.05,39.62667,"November 10, 20",-0.0005
107,ONTO,2020-11-09,39.200001,40.700001,38.759998,39.639999,39.639999,363100.0,363100.0,0.44,1.122,39.7,"November 09, 20",0.01122
108,ONTO,2020-11-06,37.73,37.959999,37.119999,37.599998,37.599998,147900.0,147900.0,-0.13,-0.345,37.56,"November 06, 20",-0.00345
109,ONTO,2020-11-05,36.290001,37.639999,36.099998,37.509998,37.509998,439200.0,439200.0,1.22,3.362,37.08333,"November 05, 20",0.03362
110,ONTO,2020-11-04,35.049999,36.02,34.290001,35.790001,35.790001,321600.0,321600.0,0.74,2.111,35.36667,"November 04, 20",0.02111
111,ONTO,2020-11-03,34.400002,36.09,33.889999,34.830002,34.830002,410600.0,410600.0,0.43,1.25,34.93667,"November 03, 20",0.0125
112,ONTO,2020-11-02,32.700001,33.380001,32.25,32.959999,32.959999,205800.0,205800.0,0.26,0.795,32.86333,"November 02, 20",0.00795
113,ONTO,2020-10-30,32.689999,32.720001,31.67,32.07,32.07,164900.0,164900.0,-0.62,-1.897,32.15333,"October 30, 20",-0.01897
114,ONTO,2020-10-29,31.34,32.990002,31.139999,32.849998,32.849998,152900.0,152900.0,1.51,4.818,32.32667,"October 29, 20",0.04818
115,ONTO,2020-10-28,31.469999,31.74,30.65,31.48,31.48,223000.0,223000.0,0.01,0.032,31.29,"October 28, 20",0.00032
116,ONTO,2020-10-27,33.360001,33.360001,32.18,32.259998,32.259998,158900.0,158900.0,-1.1,-3.297,32.6,"October 27, 20",-0.03297
117,ONTO,2020-10-26,33.759998,33.889999,32.880001,33.25,33.25,186500.0,186500.0,-0.51,-1.511,33.34,"October 26, 20",-0.01511
118,ONTO,2020-10-23,34.509998,34.68,34.009998,34.169998,34.169998,240900.0,240900.0,-0.34,-0.985,34.28667,"October 23, 20",-0.00985
119,ONTO,2020-10-22,34.32,34.470001,33.470001,34.43,34.43,181400.0,181400.0,0.11,0.321,34.12333,"October 22, 20",0.00321
120,ONTO,2020-10-21,33.720001,34.419998,33.619999,34.080002,34.080002,118700.0,118700.0,0.36,1.068,34.04,"October 21, 20",0.01068
121,ONTO,2020-10-20,33.919998,34.080002,33.349998,33.560001,33.560001,105700.0,105700.0,-0.36,-1.061,33.66333,"October 20, 20",-0.01061
122,ONTO,2020-10-19,34.009998,34.169998,33.669998,33.82,33.82,127700.0,127700.0,-0.19,-0.559,33.88667,"October 19, 20",-0.00559
123,ONTO,2020-10-16,34.139999,34.240002,33.470001,34.009998,34.009998,164100.0,164100.0,-0.13,-0.381,33.90667,"October 16, 20",-0.00381
124,ONTO,2020-10-15,33.759998,34.055,33.424999,33.98,33.98,101500.0,101500.0,0.22,0.652,33.82,"October 15, 20",0.00652
125,ONTO,2020-10-14,35.540001,35.595001,34.16,34.279999,34.279999,107200.0,107200.0,-1.26,-3.545,34.67833,"October 14, 20",-0.03545
126,ONTO,2020-10-13,34.919998,35.509998,34.535,35.360001,35.360001,186600.0,186600.0,0.44,1.26,35.135,"October 13, 20",0.0126
127,ONTO,2020-10-12,34.689999,35.27,34.5,35.119999,35.119999,190200.0,190200.0,0.43,1.24,34.96333,"October 12, 20",0.0124
128,ONTO,2020-10-09,33.360001,34.549999,33.07,34.459999,34.459999,220400.0,220400.0,1.1,3.297,34.02667,"October 09, 20",0.03297
129,ONTO,2020-10-08,31.92,32.900002,31.620001,32.880001,32.880001,192500.0,192500.0,0.96,3.008,32.46667,"October 08, 20",0.03008
130,ONTO,2020-10-07,31.4,32.02,31.245001,31.57,31.57,202800.0,202800.0,0.17,0.541,31.61167,"October 07, 20",0.00541
131,ONTO,2020-10-06,31.219999,31.855,30.9,30.99,30.99,224800.0,224800.0,-0.23,-0.737,31.24833,"October 06, 20",-0.00737
132,ONTO,2020-10-05,30.559999,31.1,30.41,30.93,30.93,127200.0,127200.0,0.37,1.211,30.81333,"October 05, 20",0.01211
133,ONTO,2020-10-02,30.209999,30.695,30.15,30.290001,30.290001,181600.0,181600.0,0.08,0.265,30.37833,"October 02, 20",0.00265
134,ONTO,2020-10-01,29.98,30.92,29.98,30.879999,30.879999,167800.0,167800.0,0.9,3.002,30.59333,"October 01, 20",0.03002
135,ONTO,2020-09-30,30.059999,30.530001,29.6,29.780001,29.780001,325100.0,325100.0,-0.28,-0.931,29.97,"September 30, 20",-0.00931
136,ONTO,2020-09-29,29.559999,30.469999,29.530001,29.940001,29.940001,203100.0,203100.0,0.38,1.286,29.98,"September 29, 20",0.01286
137,ONTO,2020-09-28,29.110001,29.799999,29.01,29.76,29.76,205600.0,205600.0,0.65,2.233,29.52333,"September 28, 20",0.02233
138,ONTO,2020-09-25,28.58,28.940001,28.35,28.719999,28.719999,242600.0,242600.0,0.14,0.49,28.67,"September 25, 20",0.0049
139,ONTO,2020-09-24,28.4,29.049999,28.25,28.719999,28.719999,334200.0,334200.0,0.32,1.127,28.67333,"September 24, 20",0.01127
140,ONTO,2020-09-23,28.67,29.165001,28.25,28.459999,28.459999,266400.0,266400.0,-0.21,-0.732,28.625,"September 23, 20",-0.00732
141,ONTO,2020-09-22,29.190001,29.215,28.32,28.889999,28.889999,348900.0,348900.0,-0.3,-1.028,28.80833,"September 22, 20",-0.01028
142,ONTO,2020-09-21,28.809999,29.17,28.450001,29.01,29.01,281700.0,281700.0,0.2,0.694,28.87667,"September 21, 20",0.00694
143,ONTO,2020-09-18,29.700001,30.16,29.049999,29.5,29.5,628900.0,628900.0,-0.2,-0.673,29.57,"September 18, 20",-0.00673
144,ONTO,2020-09-17,28.51,29.700001,28.27,29.48,29.48,509200.0,509200.0,0.97,3.402,29.15,"September 17, 20",0.03402
145,ONTO,2020-09-16,29.129999,29.549999,28.85,29.09,29.09,197500.0,197500.0,-0.04,-0.137,29.16333,"September 16, 20",-0.00137
146,ONTO,2020-09-15,29.23,29.23,28.450001,28.860001,28.860001,283600.0,283600.0,-0.37,-1.266,28.84667,"September 15, 20",-0.01266
147,ONTO,2020-09-14,28.799999,29.27,28.6,29.0,29.0,381700.0,381700.0,0.2,0.694,28.95667,"September 14, 20",0.00694
148,ONTO,2020-09-11,28.93,29.09,28.08,28.33,28.33,378200.0,378200.0,-0.6,-2.074,28.5,"September 11, 20",-0.02074
149,ONTO,2020-09-10,29.68,29.802999,28.610001,28.700001,28.700001,263800.0,263800.0,-0.98,-3.302,29.03767,"September 10, 20",-0.03302
150,ONTO,2020-09-09,29.66,30.059999,28.799999,29.51,29.51,540900.0,540900.0,-0.15,-0.506,29.45667,"September 09, 20",-0.00506
151,ONTO,2020-09-08,30.18,30.5,28.9,29.25,29.25,646200.0,646200.0,-0.93,-3.082,29.55,"September 08, 20",-0.03082
152,ONTO,2020-09-04,32.27,32.5,30.59,30.92,30.92,378100.0,378100.0,-1.35,-4.183,31.33667,"September 04, 20",-0.04183
153,ONTO,2020-09-03,32.93,32.93,31.52,32.16,32.16,499600.0,499600.0,-0.77,-2.338,32.20333,"September 03, 20",-0.02338
154,ONTO,2020-09-02,32.27,33.200001,32.02,33.18,33.18,208300.0,208300.0,0.91,2.82,32.8,"September 02, 20",0.0282
155,ONTO,2020-09-01,31.209999,32.119999,31.02,32.060001,32.060001,225000.0,225000.0,0.85,2.723,31.73333,"September 01, 20",0.02723
156,ONTO,2020-08-31,31.799999,31.92,31.23,31.24,31.24,284900.0,284900.0,-0.56,-1.761,31.46333,"August 31, 20",-0.01761
157,ONTO,2020-08-28,31.969999,32.150002,31.65,32.02,32.02,131900.0,131900.0,0.05,0.156,31.94,"August 28, 20",0.00156
158,ONTO,2020-08-27,32.619999,32.66,31.219999,31.68,31.68,328200.0,328200.0,-0.94,-2.882,31.85333,"August 27, 20",-0.02882
159,ONTO,2020-08-26,32.610001,32.610001,32.18,32.25,32.25,206200.0,206200.0,-0.36,-1.104,32.34667,"August 26, 20",-0.01104
160,ONTO,2020-08-25,32.419998,32.810001,31.969999,32.560001,32.560001,326100.0,326100.0,0.14,0.432,32.44667,"August 25, 20",0.00432
161,ONTO,2020-08-24,32.84,32.949001,32.080002,32.369999,32.369999,183000.0,183000.0,-0.47,-1.431,32.46633,"August 24, 20",-0.01431
162,ONTO,2020-08-21,32.459999,32.779999,32.220001,32.540001,32.540001,225200.0,225200.0,0.08,0.246,32.51333,"August 21, 20",0.00246
163,ONTO,2020-08-20,33.419998,33.490002,32.130001,32.619999,32.619999,260100.0,260100.0,-0.8,-2.394,32.74667,"August 20, 20",-0.02394
164,ONTO,2020-08-19,34.959999,35.349998,33.91,33.98,33.98,236800.0,236800.0,-0.98,-2.803,34.41333,"August 19, 20",-0.02803
165,ONTO,2020-08-18,36.209999,36.52,34.650002,34.849998,34.849998,256700.0,256700.0,-1.36,-3.756,35.34,"August 18, 20",-0.03756
166,ONTO,2020-08-17,35.439999,36.610001,35.049999,36.349998,36.349998,347500.0,347500.0,0.91,2.568,36.00333,"August 17, 20",0.02568
167,ONTO,2020-08-14,34.720001,35.169998,34.650002,34.98,34.98,200100.0,200100.0,0.26,0.749,34.93333,"August 14, 20",0.00749
168,ONTO,2020-08-13,35.029999,35.139999,34.450001,34.720001,34.720001,241000.0,241000.0,-0.31,-0.885,34.77,"August 13, 20",-0.00885
169,ONTO,2020-08-12,34.540001,35.360001,34.18,35.139999,35.139999,253500.0,253500.0,0.6,1.737,34.89333,"August 12, 20",0.01737
170,ONTO,2020-08-11,34.34,34.790001,33.950001,34.009998,34.009998,225400.0,225400.0,-0.33,-0.961,34.25,"August 11, 20",-0.00961
171,ONTO,2020-08-10,35.349998,35.388,33.880001,33.98,33.98,325200.0,325200.0,-1.37,-3.876,34.416,"August 10, 20",-0.03876
172,ONTO,2020-08-07,36.380001,36.939999,34.555,35.130001,35.130001,311900.0,311900.0,-1.25,-3.436,35.54167,"August 07, 20",-0.03436
173,ONTO,2020-08-06,39.0,39.130001,36.330002,36.360001,36.360001,319000.0,319000.0,-2.64,-6.769,37.27333,"August 06, 20",-0.06769
174,ONTO,2020-08-05,35.860001,38.790001,34.84,38.610001,38.610001,817900.0,817900.0,2.75,7.669,37.41333,"August 05, 20",0.07669
175,ONTO,2020-08-04,37.939999,39.310001,37.939999,38.669998,38.669998,455400.0,455400.0,0.73,1.924,38.64,"August 04, 20",0.01924
176,ONTO,2020-08-03,37.990002,39.470001,37.830002,39.290001,39.290001,318400.0,318400.0,1.3,3.422,38.86333,"August 03, 20",0.03422
177,ONTO,2020-07-31,35.439999,37.84,35.439999,37.82,37.82,282800.0,282800.0,2.38,6.716,37.03333,"July 31, 20",0.06716
178,ONTO,2020-07-30,35.439999,37.709999,35.439999,37.630001,37.630001,368700.0,368700.0,2.19,6.179,36.92667,"July 30, 20",0.06179
179,ONTO,2020-07-29,35.23,36.27,34.959999,36.060001,36.060001,235300.0,235300.0,0.83,2.356,35.76333,"July 29, 20",0.02356
180,ONTO,2020-07-28,35.57,35.84,35.060001,35.09,35.09,296300.0,296300.0,-0.48,-1.349,35.33,"July 28, 20",-0.01349
181,ONTO,2020-07-27,34.689999,35.950001,34.689999,35.860001,35.860001,193400.0,193400.0,1.17,3.373,35.5,"July 27, 20",0.03373
182,ONTO,2020-07-24,36.52,36.52,34.52,34.57,34.57,254600.0,254600.0,-1.95,-5.34,35.20333,"July 24, 20",-0.0534
183,ONTO,2020-07-23,35.59,37.200001,35.48,36.580002,36.580002,404300.0,404300.0,0.99,2.782,36.42,"July 23, 20",0.02782
184,ONTO,2020-07-22,35.490002,35.970001,35.369999,35.830002,35.830002,170100.0,170100.0,0.34,0.958,35.72333,"July 22, 20",0.00958
185,ONTO,2020-07-21,36.0,36.200001,35.358002,35.650002,35.650002,261800.0,261800.0,-0.35,-0.972,35.736,"July 21, 20",-0.00972
186,ONTO,2020-07-20,34.259998,35.610001,34.209999,35.5,35.5,146600.0,146600.0,1.24,3.619,35.10667,"July 20, 20",0.03619
187,ONTO,2020-07-17,33.990002,34.880001,33.790001,34.650002,34.650002,207600.0,207600.0,0.66,1.942,34.44,"July 17, 20",0.01942
188,ONTO,2020-07-16,33.900002,34.029999,33.509998,33.939999,33.939999,233800.0,233800.0,0.04,0.118,33.82667,"July 16, 20",0.00118
189,ONTO,2020-07-15,35.43,35.43,34.119999,34.57,34.57,309700.0,309700.0,-0.86,-2.427,34.70667,"July 15, 20",-0.02427
190,ONTO,2020-07-14,34.07,34.77,33.5,34.75,34.75,211400.0,211400.0,0.68,1.996,34.34,"July 14, 20",0.01996
191,ONTO,2020-07-13,35.740002,36.189999,34.349998,34.380001,34.380001,319400.0,319400.0,-1.36,-3.805,34.97333,"July 13, 20",-0.03805
192,ONTO,2020-07-10,35.73,35.73,35.07,35.43,35.43,315400.0,315400.0,-0.3,-0.84,35.41,"July 10, 20",-0.0084
193,ONTO,2020-07-09,35.299999,35.700001,34.855,35.52,35.52,203000.0,203000.0,0.22,0.623,35.35833,"July 09, 20",0.00623
194,ONTO,2020-07-08,34.98,35.424999,34.814999,35.32,35.32,240600.0,240600.0,0.34,0.972,35.18667,"July 08, 20",0.00972
195,ONTO,2020-07-07,34.759998,35.209999,34.52,35.02,35.02,432100.0,432100.0,0.26,0.748,34.91667,"July 07, 20",0.00748
196,ONTO,2020-07-06,34.75,35.369999,34.634998,35.099998,35.099998,339300.0,339300.0,0.35,1.007,35.035,"July 06, 20",0.01007
197,ONTO,2020-07-02,33.66,34.23,33.240002,34.110001,34.110001,234800.0,234800.0,0.45,1.337,33.86,"July 02, 20",0.01337
198,ONTO,2020-07-01,33.98,34.105,32.709999,32.75,32.75,255600.0,255600.0,-1.23,-3.62,33.18833,"July 01, 20",-0.0362
199,ONTO,2020-06-30,33.400002,34.18,33.400002,34.040001,34.040001,345700.0,345700.0,0.64,1.916,33.87333,"June 30, 20",0.01916
200,ONTO,2020-06-29,33.43,34.169998,33.169998,33.689999,33.689999,298300.0,298300.0,0.26,0.778,33.67667,"June 29, 20",0.00778
201,ONTO,2020-06-26,34.09,34.450001,32.459999,33.0,33.0,946000.0,946000.0,-1.09,-3.197,33.30333,"June 26, 20",-0.03197
202,ONTO,2020-06-25,33.07,34.490002,32.860001,34.450001,34.450001,328700.0,328700.0,1.38,4.173,33.93333,"June 25, 20",0.04173
203,ONTO,2020-06-24,33.5,33.68,32.759998,33.279999,33.279999,541700.0,541700.0,-0.22,-0.657,33.24,"June 24, 20",-0.00657
204,ONTO,2020-06-23,34.200001,34.200001,33.349998,33.580002,33.580002,369800.0,369800.0,-0.62,-1.813,33.71,"June 23, 20",-0.01813
205,ONTO,2020-06-22,33.860001,34.029999,33.029999,33.830002,33.830002,290000.0,290000.0,-0.03,-0.089,33.63,"June 22, 20",-0.00089
206,ONTO,2020-06-19,34.73,34.955002,33.710999,33.950001,33.950001,1051000.0,1051000.0,-0.78,-2.246,34.20533,"June 19, 20",-0.02246
207,ONTO,2020-06-18,34.419998,34.630001,33.93,34.23,34.23,259400.0,259400.0,-0.19,-0.552,34.26333,"June 18, 20",-0.00552
208,ONTO,2020-06-17,34.700001,35.25,34.400002,34.82,34.82,303900.0,303900.0,0.12,0.346,34.82333,"June 17, 20",0.00346
209,ONTO,2020-06-16,35.34,36.240002,34.59,34.98,34.98,316900.0,316900.0,-0.36,-1.019,35.27,"June 16, 20",-0.01019
210,ONTO,2020-06-15,32.259998,33.91,32.255001,33.869999,33.869999,292700.0,292700.0,1.61,4.991,33.345,"June 15, 20",0.04991
211,ONTO,2020-06-12,34.060001,34.16,32.389999,33.540001,33.540001,488000.0,488000.0,-0.52,-1.527,33.36333,"June 12, 20",-0.01527
212,ONTO,2020-06-11,33.84,34.445,32.189999,32.759998,32.759998,527200.0,527200.0,-1.08,-3.191,33.13167,"June 11, 20",-0.03191
213,ONTO,2020-06-10,36.27,36.389999,34.970001,35.25,35.25,474600.0,474600.0,-1.02,-2.812,35.53667,"June 10, 20",-0.02812
214,ONTO,2020-06-09,35.150002,36.32,34.84,35.98,35.98,554000.0,554000.0,0.83,2.361,35.71333,"June 09, 20",0.02361
215,ONTO,2020-06-08,34.93,35.560001,34.130001,34.470001,34.470001,321100.0,321100.0,-0.46,-1.317,34.72,"June 08, 20",-0.01317
216,ONTO,2020-06-05,34.810001,35.889999,34.77,35.029999,35.029999,421700.0,421700.0,0.22,0.632,35.23,"June 05, 20",0.00632
217,ONTO,2020-06-04,32.290001,35.07,32.200001,34.400002,34.400002,403500.0,403500.0,2.11,6.535,33.89,"June 04, 20",0.06535
218,ONTO,2020-06-03,31.41,33.398998,31.41,32.630001,32.630001,557300.0,557300.0,1.22,3.884,32.47967,"June 03, 20",0.03884
219,ONTO,2020-06-02,31.469999,31.469999,30.18,30.84,30.84,195300.0,195300.0,-0.63,-2.002,30.83,"June 02, 20",-0.02002
220,ONTO,2020-06-01,31.41,31.620001,30.618,31.200001,31.200001,284400.0,284400.0,-0.21,-0.669,31.146,"June 01, 20",-0.00669
221,ONTO,2020-05-29,31.379999,31.700001,30.299999,31.08,31.08,478400.0,478400.0,-0.3,-0.956,31.02667,"May 29, 20",-0.00956
222,ONTO,2020-05-28,33.360001,33.419998,31.49,31.66,31.66,207700.0,207700.0,-1.7,-5.096,32.19,"May 28, 20",-0.05096
223,ONTO,2020-05-27,32.919998,33.119999,30.9,33.049999,33.049999,224500.0,224500.0,0.13,0.395,32.35667,"May 27, 20",0.00395
224,ONTO,2020-05-26,33.009998,33.450001,32.48,32.549999,32.549999,422600.0,422600.0,-0.46,-1.394,32.82667,"May 26, 20",-0.01394
225,ONTO,2020-05-22,32.27,32.439999,31.299999,31.790001,31.790001,162700.0,162700.0,-0.48,-1.487,31.84333,"May 22, 20",-0.01487
226,ONTO,2020-05-21,33.400002,33.549999,31.969999,32.080002,32.080002,191000.0,191000.0,-1.32,-3.952,32.53333,"May 21, 20",-0.03952
227,ONTO,2020-05-20,33.490002,34.040001,32.830002,33.580002,33.580002,254800.0,254800.0,0.09,0.269,33.48334,"May 20, 20",0.00269
228,ONTO,2020-05-19,32.59,33.389999,32.59,32.66,32.66,272700.0,272700.0,0.07,0.215,32.88,"May 19, 20",0.00215
229,ONTO,2020-05-18,31.879999,33.150002,31.879999,32.810001,32.810001,334300.0,334300.0,0.93,2.917,32.61333,"May 18, 20",0.02917
230,ONTO,2020-05-15,31.139999,31.219999,30.33,30.790001,30.790001,336100.0,336100.0,-0.35,-1.124,30.78,"May 15, 20",-0.01124
231,ONTO,2020-05-14,29.860001,31.67,28.91,31.67,31.67,344100.0,344100.0,1.81,6.062,30.75,"May 14, 20",0.06062
232,ONTO,2020-05-13,31.049999,31.15,29.629999,30.379999,30.379999,358900.0,358900.0,-0.67,-2.158,30.38667,"May 13, 20",-0.02158
233,ONTO,2020-05-12,32.299999,33.040001,31.34,31.34,31.34,427300.0,427300.0,-0.96,-2.972,31.90667,"May 12, 20",-0.02972
234,ONTO,2020-05-11,32.52,32.740002,31.66,32.259998,32.259998,362000.0,362000.0,-0.26,-0.8,32.22,"May 11, 20",-0.008
235,ONTO,2020-05-08,32.09,33.299999,31.719999,33.279999,33.279999,365300.0,365300.0,1.19,3.708,32.76667,"May 08, 20",0.03708
236,ONTO,2020-05-07,31.370001,31.83,31.0,31.57,31.57,276500.0,276500.0,0.2,0.638,31.46667,"May 07, 20",0.00638
237,ONTO,2020-05-06,32.639999,32.799999,30.459999,30.719999,30.719999,403900.0,403900.0,-1.92,-5.882,31.32667,"May 06, 20",-0.05882
238,ONTO,2020-05-05,31.120001,32.195,30.754999,31.09,31.09,528500.0,528500.0,-0.03,-0.096,31.34667,"May 05, 20",-0.00096
239,ONTO,2020-05-04,30.35,30.84,29.860001,30.450001,30.450001,286000.0,286000.0,0.1,0.329,30.38333,"May 04, 20",0.00329
240,ONTO,2020-05-01,31.58,31.98,29.950001,30.52,30.52,413500.0,413500.0,-1.06,-3.357,30.81667,"May 01, 20",-0.03357
241,ONTO,2020-04-30,35.25,35.68,32.34,32.459999,32.459999,304700.0,304700.0,-2.79,-7.915,33.49333,"April 30, 20",-0.07915
242,ONTO,2020-04-29,34.400002,36.470001,33.700001,35.939999,35.939999,673900.0,673900.0,1.54,4.477,35.37,"April 29, 20",0.04477
243,ONTO,2020-04-28,34.310001,34.389999,33.5,33.639999,33.639999,265800.0,265800.0,-0.67,-1.953,33.84333,"April 28, 20",-0.01953
244,ONTO,2020-04-27,32.740002,33.639999,32.450001,33.360001,33.360001,243000.0,243000.0,0.62,1.894,33.15,"April 27, 20",0.01894
245,ONTO,2020-04-24,32.209999,32.630001,31.059999,32.439999,32.439999,199400.0,199400.0,0.23,0.714,32.04333,"April 24, 20",0.00714
246,ONTO,2020-04-23,32.68,33.09,31.75,31.9,31.9,218400.0,218400.0,-0.78,-2.387,32.24667,"April 23, 20",-0.02387
247,ONTO,2020-04-22,31.209999,33.169998,31.09,32.709999,32.709999,230300.0,230300.0,1.5,4.806,32.32333,"April 22, 20",0.04806
248,ONTO,2020-04-21,31.629999,32.115002,30.5,30.9,30.9,188400.0,188400.0,-0.73,-2.308,31.17167,"April 21, 20",-0.02308
249,ONTO,2020-04-20,33.080002,33.619999,32.400002,32.52,32.52,164900.0,164900.0,-0.56,-1.693,32.84667,"April 20, 20",-0.01693
250,ONTO,2020-04-17,34.02,34.209999,33.029999,33.889999,33.889999,257600.0,257600.0,-0.13,-0.382,33.71,"April 17, 20",-0.00382
251,ONTO,2020-04-16,31.57,33.580002,31.565001,33.029999,33.029999,442900.0,442900.0,1.46,4.625,32.725,"April 16, 20",0.04625
252,ONTO,2020-04-15,31.43,32.139999,30.85,31.690001,31.690001,225400.0,225400.0,0.26,0.827,31.56,"April 15, 20",0.00827
253,ONTO,2020-04-14,31.98,33.18,31.559999,32.830002,32.830002,202200.0,202200.0,0.85,2.658,32.52333,"April 14, 20",0.02658
254,ONTO,2020-04-13,32.040001,32.040001,30.43,31.18,31.18,416700.0,416700.0,-0.86,-2.684,31.21667,"April 13, 20",-0.02684
255,ONTO,2020-04-09,32.459999,33.130001,31.719999,32.110001,32.110001,319400.0,319400.0,-0.35,-1.078,32.32,"April 09, 20",-0.01078
256,ONTO,2020-04-08,31.129999,32.41,30.690001,32.0,32.0,348200.0,348200.0,0.87,2.795,31.7,"April 08, 20",0.02795
257,ONTO,2020-04-07,31.34,32.0,30.200001,31.129999,31.129999,276000.0,276000.0,-0.21,-0.67,31.11,"April 07, 20",-0.0067
258,ONTO,2020-04-06,29.27,30.629999,28.299999,30.49,30.49,339600.0,339600.0,1.22,4.168,29.80667,"April 06, 20",0.04168
259,ONTO,2020-04-03,27.41,28.02,26.85,27.9,27.9,561400.0,561400.0,0.49,1.788,27.59,"April 03, 20",0.01788
260,ONTO,2020-04-02,27.4,28.120001,26.41,27.91,27.91,579900.0,579900.0,0.51,1.861,27.48,"April 02, 20",0.01861
261,ONTO,2020-04-01,28.059999,29.6,27.950001,28.66,28.66,469900.0,469900.0,0.6,2.138,28.73667,"April 01, 20",0.02138
262,ONTO,2020-03-31,29.84,30.209999,29.16,29.67,29.67,515100.0,515100.0,-0.17,-0.57,29.68,"March 31, 20",-0.0057
263,ONTO,2020-03-30,29.23,30.280001,28.459999,29.83,29.83,421900.0,421900.0,0.6,2.053,29.52333,"March 30, 20",0.02053
264,ONTO,2020-03-27,29.129999,29.969999,28.49,28.52,28.52,396200.0,396200.0,-0.61,-2.094,28.99333,"March 27, 20",-0.02094
265,ONTO,2020-03-26,29.24,32.099998,29.24,30.5,30.5,608100.0,608100.0,1.26,4.309,30.61333,"March 26, 20",0.04309
266,ONTO,2020-03-25,27.809999,30.5,26.790001,29.48,29.48,701500.0,701500.0,1.67,6.005,28.92333,"March 25, 20",0.06005
267,ONTO,2020-03-24,25.040001,28.4,25.040001,27.940001,27.940001,519400.0,519400.0,2.9,11.581,27.12667,"March 24, 20",0.11581
268,ONTO,2020-03-23,21.940001,24.870001,21.129999,24.040001,24.040001,813800.0,813800.0,2.1,9.572,23.34667,"March 23, 20",0.09572
269,ONTO,2020-03-20,21.84,24.41,21.17,21.530001,21.530001,661100.0,661100.0,-0.31,-1.419,22.37,"March 20, 20",-0.01419
270,ONTO,2020-03-19,20.799999,23.684999,20.440001,21.540001,21.540001,562000.0,562000.0,0.74,3.558,21.88833,"March 19, 20",0.03558
271,ONTO,2020-03-18,26.309999,27.695,20.32,20.82,20.82,513700.0,513700.0,-5.49,-20.867,22.945,"March 18, 20",-0.20867
272,ONTO,2020-03-17,25.92,29.0,24.309999,28.33,28.33,720100.0,720100.0,2.41,9.298,27.21333,"March 17, 20",0.09298
273,ONTO,2020-03-16,24.6,26.959999,24.09,25.43,25.43,408900.0,408900.0,0.83,3.374,25.49333,"March 16, 20",0.03374
274,ONTO,2020-03-13,26.030001,28.049999,24.745001,27.98,27.98,644100.0,644100.0,1.95,7.491,26.925,"March 13, 20",0.07491
275,ONTO,2020-03-12,24.84,26.987,24.02,24.77,24.77,452900.0,452900.0,-0.07,-0.282,25.259,"March 12, 20",-0.00282
276,ONTO,2020-03-11,28.34,28.799999,26.629999,27.16,27.16,289000.0,289000.0,-1.18,-4.164,27.53,"March 11, 20",-0.04164
277,ONTO,2020-03-10,29.379999,29.830999,28.290001,29.34,29.34,418600.0,418600.0,-0.04,-0.136,29.15367,"March 10, 20",-0.00136
278,ONTO,2020-03-09,29.52,30.42,28.299999,28.43,28.43,381800.0,381800.0,-1.09,-3.692,29.05,"March 09, 20",-0.03692
279,ONTO,2020-03-06,31.549999,32.669998,30.68,31.540001,31.540001,302500.0,302500.0,-0.01,-0.032,31.63,"March 06, 20",-0.00032
280,ONTO,2020-03-05,32.0,32.959999,31.92,32.549999,32.549999,305000.0,305000.0,0.55,1.719,32.47667,"March 05, 20",0.01719
281,ONTO,2020-03-04,31.68,32.98,30.860001,32.939999,32.939999,402100.0,402100.0,1.26,3.977,32.26,"March 04, 20",0.03977
282,ONTO,2020-03-03,31.700001,33.110001,31.059999,31.24,31.24,304300.0,304300.0,-0.46,-1.451,31.80333,"March 03, 20",-0.01451
283,ONTO,2020-03-02,30.959999,31.889999,30.370001,31.73,31.73,406100.0,406100.0,0.77,2.487,31.33,"March 02, 20",0.02487
284,ONTO,2020-02-28,30.0,31.370001,29.709999,30.57,30.57,662600.0,662600.0,0.57,1.9,30.55,"February 28, 20",0.019
285,ONTO,2020-02-27,32.23,32.610001,31.299999,31.309999,31.309999,380800.0,380800.0,-0.92,-2.854,31.74,"February 27, 20",-0.02854
286,ONTO,2020-02-26,33.310001,34.279999,33.099998,33.16,33.16,253800.0,253800.0,-0.15,-0.45,33.51333,"February 26, 20",-0.0045
287,ONTO,2020-02-25,35.349998,35.349998,33.189999,33.259998,33.259998,256700.0,256700.0,-2.09,-5.912,33.93333,"February 25, 20",-0.05912
288,ONTO,2020-02-24,35.900002,35.970001,34.439999,34.880001,34.880001,284200.0,284200.0,-1.02,-2.841,35.09667,"February 24, 20",-0.02841
289,ONTO,2020-02-21,38.0,38.0,36.889999,37.18,37.18,205300.0,205300.0,-0.82,-2.158,37.35667,"February 21, 20",-0.02158
290,ONTO,2020-02-20,38.240002,38.709999,37.689999,38.18,38.18,133800.0,133800.0,-0.06,-0.157,38.19333,"February 20, 20",-0.00157
291,ONTO,2020-02-19,38.939999,39.34,38.279999,38.509998,38.509998,148900.0,148900.0,-0.43,-1.104,38.71,"February 19, 20",-0.01104
292,ONTO,2020-02-18,39.330002,39.48,38.442001,38.700001,38.700001,293000.0,293000.0,-0.63,-1.602,38.874,"February 18, 20",-0.01602
293,ONTO,2020-02-14,39.209999,39.849998,39.049999,39.630001,39.630001,238200.0,238200.0,0.42,1.071,39.51,"February 14, 20",0.01071
294,ONTO,2020-02-13,38.91,39.355,38.580002,39.27,39.27,252900.0,252900.0,0.36,0.925,39.06833,"February 13, 20",0.00925
295,ONTO,2020-02-12,38.869999,39.259998,38.720001,39.049999,39.049999,323800.0,323800.0,0.18,0.463,39.01,"February 12, 20",0.00463
296,ONTO,2020-02-11,37.849998,38.880001,37.799999,38.709999,38.709999,183900.0,183900.0,0.86,2.272,38.46333,"February 11, 20",0.02272
297,ONTO,2020-02-10,37.860001,38.23,36.84,37.799999,37.799999,311800.0,311800.0,-0.06,-0.158,37.62333,"February 10, 20",-0.00158
298,ONTO,2020-02-07,42.5,42.5,38.0,38.450001,38.450001,670700.0,670700.0,-4.05,-9.529,39.65,"February 07, 20",-0.09529
299,ONTO,2020-02-06,41.259998,41.66,40.630001,41.470001,41.470001,362000.0,362000.0,0.21,0.509,41.25333,"February 06, 20",0.00509
300,ONTO,2020-02-05,40.07,41.215,39.669998,41.080002,41.080002,259500.0,259500.0,1.01,2.521,40.655,"February 05, 20",0.02521
301,ONTO,2020-02-04,38.889999,40.169998,38.43,39.98,39.98,274800.0,274800.0,1.09,2.803,39.52667,"February 04, 20",0.02803
302,ONTO,2020-02-03,38.07,38.470001,37.91,38.240002,38.240002,330300.0,330300.0,0.17,0.447,38.20667,"February 03, 20",0.00447
303,ONTO,2020-01-31,37.900002,38.07,37.459999,37.939999,37.939999,533900.0,533900.0,0.04,0.106,37.82333,"January 31, 20",0.00106
304,ONTO,2020-01-30,37.689999,38.310001,37.490002,38.25,38.25,200900.0,200900.0,0.56,1.486,38.01667,"January 30, 20",0.01486
305,ONTO,2020-01-29,38.66,38.66,37.919998,37.939999,37.939999,175400.0,175400.0,-0.72,-1.862,38.17333,"January 29, 20",-0.01862
306,ONTO,2020-01-28,38.349998,38.669998,37.84,38.630001,38.630001,176700.0,176700.0,0.28,0.73,38.38,"January 28, 20",0.0073
307,ONTO,2020-01-27,37.66,38.310001,37.374001,38.02,38.02,266100.0,266100.0,0.36,0.956,37.90133,"January 27, 20",0.00956
308,ONTO,2020-01-24,39.580002,39.73,38.27,38.549999,38.549999,271200.0,271200.0,-1.03,-2.602,38.85,"January 24, 20",-0.02602
309,ONTO,2020-01-23,38.959999,39.279999,38.169998,39.259998,39.259998,233800.0,233800.0,0.3,0.77,38.90333,"January 23, 20",0.0077
310,ONTO,2020-01-22,39.610001,39.830002,38.77,38.959999,38.959999,281800.0,281800.0,-0.65,-1.641,39.18667,"January 22, 20",-0.01641
311,ONTO,2020-01-21,39.889999,39.98,38.169998,39.5,39.5,329700.0,329700.0,-0.39,-0.978,39.21667,"January 21, 20",-0.00978
312,ONTO,2020-01-17,40.209999,40.540001,39.68,40.150002,40.150002,345100.0,345100.0,-0.06,-0.149,40.12333,"January 17, 20",-0.00149
313,ONTO,2020-01-16,38.380001,40.279999,38.119999,40.130001,40.130001,446500.0,446500.0,1.75,4.56,39.51,"January 16, 20",0.0456
314,ONTO,2020-01-15,38.02,38.189999,37.560001,37.93,37.93,221200.0,221200.0,-0.09,-0.237,37.89333,"January 15, 20",-0.00237
315,ONTO,2020-01-14,36.720001,38.130001,36.450001,38.080002,38.080002,288700.0,288700.0,1.36,3.704,37.55333,"January 14, 20",0.03704
316,ONTO,2020-01-13,36.59,36.639999,36.290001,36.540001,36.540001,164500.0,164500.0,-0.05,-0.137,36.49,"January 13, 20",-0.00137
317,ONTO,2020-01-10,36.639999,36.779999,36.200001,36.48,36.48,149200.0,149200.0,-0.16,-0.437,36.48667,"January 10, 20",-0.00437
318,ONTO,2020-01-09,37.060001,37.240002,36.369999,36.639999,36.639999,199300.0,199300.0,-0.42,-1.133,36.75,"January 09, 20",-0.01133
319,ONTO,2020-01-08,36.27,36.884998,36.07,36.759998,36.759998,292500.0,292500.0,0.49,1.351,36.57167,"January 08, 20",0.01351
320,ONTO,2020-01-07,35.639999,36.310001,34.790001,36.150002,36.150002,286200.0,286200.0,0.51,1.431,35.75,"January 07, 20",0.01431
321,ONTO,2020-01-06,36.0,36.27,35.591,35.939999,35.939999,348600.0,348600.0,-0.06,-0.167,35.93367,"January 06, 20",-0.00167
322,ONTO,2020-01-03,36.450001,36.84,36.119999,36.509998,36.509998,491600.0,491600.0,0.06,0.165,36.49,"January 03, 20",0.00165
323,ONTO,2020-01-02,36.540001,37.290001,36.540001,37.029999,37.029999,339000.0,339000.0,0.49,1.341,36.95333,"January 02, 20",0.01341
324,ONTO,2019-12-31,36.189999,36.709999,36.189999,36.540001,36.540001,210800.0,210800.0,0.35,0.967,36.48,"December 31, 19",0.00967
325,ONTO,2019-12-30,36.360001,36.75,35.990002,36.419998,36.419998,217400.0,217400.0,0.06,0.165,36.38667,"December 30, 19",0.00165
326,ONTO,2019-12-27,36.32,36.5,35.855,36.310001,36.310001,155300.0,155300.0,-0.01,-0.028,36.22167,"December 27, 19",-0.00028
327,ONTO,2019-12-26,36.619999,36.75,36.150002,36.290001,36.290001,102900.0,102900.0,-0.33,-0.901,36.39667,"December 26, 19",-0.00901
328,ONTO,2019-12-24,36.830002,36.830002,36.27,36.419998,36.419998,99600.0,99600.0,-0.41,-1.113,36.50667,"December 24, 19",-0.01113
329,ONTO,2019-12-23,36.25,36.82,35.974998,36.779999,36.779999,242100.0,242100.0,0.53,1.462,36.525,"December 23, 19",0.01462
330,ONTO,2019-12-20,35.75,36.330002,35.299999,36.25,36.25,1016900.0,1016900.0,0.5,1.399,35.96,"December 20, 19",0.01399
331,ONTO,2019-12-19,35.290001,35.490002,34.889999,35.439999,35.439999,138600.0,138600.0,0.15,0.425,35.27333,"December 19, 19",0.00425
332,ONTO,2019-12-18,34.970001,35.759998,34.884998,35.130001,35.130001,419300.0,419300.0,0.16,0.458,35.25833,"December 18, 19",0.00458
333,ONTO,2019-12-17,34.759998,35.060001,34.279999,34.970001,34.970001,304700.0,304700.0,0.21,0.604,34.77,"December 17, 19",0.00604
334,ONTO,2019-12-16,34.990002,34.990002,34.384998,34.549999,34.549999,243400.0,243400.0,-0.44,-1.258,34.64167,"December 16, 19",-0.01258
335,ONTO,2019-12-13,34.049999,34.790001,33.860001,34.669998,34.669998,449700.0,449700.0,0.62,1.821,34.44,"December 13, 19",0.01821
336,ONTO,2019-12-12,33.650002,34.549999,33.650002,34.25,34.25,345200.0,345200.0,0.6,1.783,34.15,"December 12, 19",0.01783
337,ONTO,2019-12-11,32.91,33.560001,32.700001,33.529999,33.529999,188200.0,188200.0,0.62,1.884,33.26333,"December 11, 19",0.01884
338,ONTO,2019-12-10,32.369999,33.09,32.369999,32.91,32.91,184200.0,184200.0,0.54,1.668,32.79,"December 10, 19",0.01668
339,ONTO,2019-12-09,33.0,33.009998,32.310001,32.439999,32.439999,283800.0,283800.0,-0.56,-1.697,32.58667,"December 09, 19",-0.01697
340,ONTO,2019-12-06,32.18,33.060001,32.099998,33.049999,33.049999,439100.0,439100.0,0.87,2.704,32.73667,"December 06, 19",0.02704
341,ONTO,2019-12-05,32.07,32.215,31.823,31.969999,31.969999,336800.0,336800.0,-0.1,-0.312,32.00267,"December 05, 19",-0.00312
342,ONTO,2019-12-04,32.16,32.34,31.805,32.07,32.07,215400.0,215400.0,-0.09,-0.28,32.07167,"December 04, 19",-0.0028
343,ONTO,2019-12-03,31.700001,32.25,31.34,31.99,31.99,223700.0,223700.0,0.29,0.915,31.86,"December 03, 19",0.00915
344,ONTO,2019-12-02,33.32,33.32,31.780001,32.130001,32.130001,252300.0,252300.0,-1.19,-3.571,32.41,"December 02, 19",-0.03571
345,ONTO,2019-11-29,33.290001,33.709999,33.110001,33.560001,33.560001,100500.0,100500.0,0.27,0.811,33.46,"November 29, 19",0.00811
346,ONTO,2019-11-27,33.75,33.82,33.240002,33.580002,33.580002,286400.0,286400.0,-0.17,-0.504,33.54667,"November 27, 19",-0.00504
347,ONTO,2019-11-26,33.900002,33.900002,33.075001,33.700001,33.700001,307800.0,307800.0,-0.2,-0.59,33.55833,"November 26, 19",-0.0059
348,ONTO,2019-11-25,32.919998,33.91,32.869999,33.689999,33.689999,305200.0,305200.0,0.77,2.339,33.49,"November 25, 19",0.02339
349,ONTO,2019-11-22,33.869999,33.970001,32.34,32.700001,32.700001,312100.0,312100.0,-1.17,-3.454,33.00333,"November 22, 19",-0.03454
350,ONTO,2019-11-21,34.540001,34.75,33.459999,33.799999,33.799999,424800.0,424800.0,-0.74,-2.142,34.00333,"November 21, 19",-0.02142
351,ONTO,2019-11-20,34.720001,34.970001,34.48,34.68,34.68,342100.0,342100.0,-0.04,-0.115,34.71,"November 20, 19",-0.00115
352,ONTO,2019-11-19,35.400002,35.540001,34.25,35.099998,35.099998,324100.0,324100.0,-0.3,-0.847,34.96333,"November 19, 19",-0.00847
353,ONTO,2019-11-18,35.200001,35.75,34.880001,35.549999,35.549999,367500.0,367500.0,0.35,0.994,35.39333,"November 18, 19",0.00994
354,ONTO,2019-11-15,34.509998,35.529999,34.509998,35.34,35.34,361100.0,361100.0,0.83,2.405,35.12667,"November 15, 19",0.02405
355,ONTO,2019-11-14,34.209999,34.43,33.509998,34.330002,34.330002,355900.0,355900.0,0.12,0.351,34.09,"November 14, 19",0.00351
356,ONTO,2019-11-13,34.52,34.715,34.150002,34.27,34.27,215500.0,215500.0,-0.25,-0.724,34.37833,"November 13, 19",-0.00724
357,ONTO,2019-11-12,34.349998,35.02,34.349998,34.700001,34.700001,295700.0,295700.0,0.35,1.019,34.69,"November 12, 19",0.01019
358,ONTO,2019-11-11,34.299999,35.055,34.110001,34.389999,34.389999,404900.0,404900.0,0.09,0.262,34.51833,"November 11, 19",0.00262
359,ONTO,2019-11-08,33.709999,35.639999,31.608,34.82,34.82,719100.0,719100.0,1.11,3.293,34.02267,"November 08, 19",0.03293
360,ONTO,2019-11-07,34.299999,35.439999,34.195,35.07,35.07,272200.0,272200.0,0.77,2.245,34.90167,"November 07, 19",0.02245
361,ONTO,2019-11-06,33.98,33.98,32.541,33.709999,33.709999,251000.0,251000.0,-0.27,-0.795,33.41033,"November 06, 19",-0.00795
362,ONTO,2019-11-05,32.950001,34.0,32.66,33.860001,33.860001,311000.0,311000.0,0.91,2.762,33.50667,"November 05, 19",0.02762
363,ONTO,2019-11-04,33.450001,33.68,32.57,32.950001,32.950001,422500.0,422500.0,-0.5,-1.495,33.06667,"November 04, 19",-0.01495
364,ONTO,2019-11-01,32.189999,32.970001,32.07,32.93,32.93,633100.0,633100.0,0.74,2.299,32.65667,"November 01, 19",0.02299
365,ONTO,2019-10-31,32.290001,32.375,31.6,32.200001,32.200001,467200.0,467200.0,-0.09,-0.279,32.05833,"October 31, 19",-0.00279
366,ONTO,2019-10-30,33.630001,33.736,31.57,32.52,32.52,585200.0,585200.0,-1.11,-3.301,32.60867,"October 30, 19",-0.03301
367,ONTO,2019-10-29,35.330002,35.330002,35.330002,35.330002,35.330002,0.0,0.0,0.0,0.0,0.0,"October 29, 19",0.0
368,ONTO,2019-10-28,35.330002,35.330002,35.330002,35.330002,35.330002,0.0,0.0,0.0,0.0,0.0,"October 28, 19",0.0
